--
-- PostgreSQL database dump
--

-- Dumped from database version 14.17 (Debian 14.17-1.pgdg120+1)
-- Dumped by pg_dump version 14.17 (Debian 14.17-1.pgdg120+1)

SET statement_timeout = 0;
SET lock_timeout = 0;
SET idle_in_transaction_session_timeout = 0;
SET client_encoding = 'UTF8';
SET standard_conforming_strings = on;
SELECT pg_catalog.set_config('search_path', '', false);
SET check_function_bodies = false;
SET xmloption = content;
SET client_min_messages = warning;
SET row_security = off;

SET default_tablespace = '';

SET default_table_access_method = heap;

--
-- Name: auth_group; Type: TABLE; Schema: public; Owner: fashion_user
--

CREATE TABLE public.auth_group (
    id integer NOT NULL,
    name character varying(150) NOT NULL
);


ALTER TABLE public.auth_group OWNER TO fashion_user;

--
-- Name: auth_group_id_seq; Type: SEQUENCE; Schema: public; Owner: fashion_user
--

ALTER TABLE public.auth_group ALTER COLUMN id ADD GENERATED BY DEFAULT AS IDENTITY (
    SEQUENCE NAME public.auth_group_id_seq
    START WITH 1
    INCREMENT BY 1
    NO MINVALUE
    NO MAXVALUE
    CACHE 1
);


--
-- Name: auth_group_permissions; Type: TABLE; Schema: public; Owner: fashion_user
--

CREATE TABLE public.auth_group_permissions (
    id bigint NOT NULL,
    group_id integer NOT NULL,
    permission_id integer NOT NULL
);


ALTER TABLE public.auth_group_permissions OWNER TO fashion_user;

--
-- Name: auth_group_permissions_id_seq; Type: SEQUENCE; Schema: public; Owner: fashion_user
--

ALTER TABLE public.auth_group_permissions ALTER COLUMN id ADD GENERATED BY DEFAULT AS IDENTITY (
    SEQUENCE NAME public.auth_group_permissions_id_seq
    START WITH 1
    INCREMENT BY 1
    NO MINVALUE
    NO MAXVALUE
    CACHE 1
);


--
-- Name: auth_permission; Type: TABLE; Schema: public; Owner: fashion_user
--

CREATE TABLE public.auth_permission (
    id integer NOT NULL,
    name character varying(255) NOT NULL,
    content_type_id integer NOT NULL,
    codename character varying(100) NOT NULL
);


ALTER TABLE public.auth_permission OWNER TO fashion_user;

--
-- Name: auth_permission_id_seq; Type: SEQUENCE; Schema: public; Owner: fashion_user
--

ALTER TABLE public.auth_permission ALTER COLUMN id ADD GENERATED BY DEFAULT AS IDENTITY (
    SEQUENCE NAME public.auth_permission_id_seq
    START WITH 1
    INCREMENT BY 1
    NO MINVALUE
    NO MAXVALUE
    CACHE 1
);


--
-- Name: auth_user; Type: TABLE; Schema: public; Owner: fashion_user
--

CREATE TABLE public.auth_user (
    id integer NOT NULL,
    password character varying(128) NOT NULL,
    last_login timestamp with time zone,
    is_superuser boolean NOT NULL,
    username character varying(150) NOT NULL,
    first_name character varying(150) NOT NULL,
    last_name character varying(150) NOT NULL,
    email character varying(254) NOT NULL,
    is_staff boolean NOT NULL,
    is_active boolean NOT NULL,
    date_joined timestamp with time zone NOT NULL
);


ALTER TABLE public.auth_user OWNER TO fashion_user;

--
-- Name: auth_user_groups; Type: TABLE; Schema: public; Owner: fashion_user
--

CREATE TABLE public.auth_user_groups (
    id bigint NOT NULL,
    user_id integer NOT NULL,
    group_id integer NOT NULL
);


ALTER TABLE public.auth_user_groups OWNER TO fashion_user;

--
-- Name: auth_user_groups_id_seq; Type: SEQUENCE; Schema: public; Owner: fashion_user
--

ALTER TABLE public.auth_user_groups ALTER COLUMN id ADD GENERATED BY DEFAULT AS IDENTITY (
    SEQUENCE NAME public.auth_user_groups_id_seq
    START WITH 1
    INCREMENT BY 1
    NO MINVALUE
    NO MAXVALUE
    CACHE 1
);


--
-- Name: auth_user_id_seq; Type: SEQUENCE; Schema: public; Owner: fashion_user
--

ALTER TABLE public.auth_user ALTER COLUMN id ADD GENERATED BY DEFAULT AS IDENTITY (
    SEQUENCE NAME public.auth_user_id_seq
    START WITH 1
    INCREMENT BY 1
    NO MINVALUE
    NO MAXVALUE
    CACHE 1
);


--
-- Name: auth_user_user_permissions; Type: TABLE; Schema: public; Owner: fashion_user
--

CREATE TABLE public.auth_user_user_permissions (
    id bigint NOT NULL,
    user_id integer NOT NULL,
    permission_id integer NOT NULL
);


ALTER TABLE public.auth_user_user_permissions OWNER TO fashion_user;

--
-- Name: auth_user_user_permissions_id_seq; Type: SEQUENCE; Schema: public; Owner: fashion_user
--

ALTER TABLE public.auth_user_user_permissions ALTER COLUMN id ADD GENERATED BY DEFAULT AS IDENTITY (
    SEQUENCE NAME public.auth_user_user_permissions_id_seq
    START WITH 1
    INCREMENT BY 1
    NO MINVALUE
    NO MAXVALUE
    CACHE 1
);


--
-- Name: django_admin_log; Type: TABLE; Schema: public; Owner: fashion_user
--

CREATE TABLE public.django_admin_log (
    id integer NOT NULL,
    action_time timestamp with time zone NOT NULL,
    object_id text,
    object_repr character varying(200) NOT NULL,
    action_flag smallint NOT NULL,
    change_message text NOT NULL,
    content_type_id integer,
    user_id integer NOT NULL,
    CONSTRAINT django_admin_log_action_flag_check CHECK ((action_flag >= 0))
);


ALTER TABLE public.django_admin_log OWNER TO fashion_user;

--
-- Name: django_admin_log_id_seq; Type: SEQUENCE; Schema: public; Owner: fashion_user
--

ALTER TABLE public.django_admin_log ALTER COLUMN id ADD GENERATED BY DEFAULT AS IDENTITY (
    SEQUENCE NAME public.django_admin_log_id_seq
    START WITH 1
    INCREMENT BY 1
    NO MINVALUE
    NO MAXVALUE
    CACHE 1
);


--
-- Name: django_content_type; Type: TABLE; Schema: public; Owner: fashion_user
--

CREATE TABLE public.django_content_type (
    id integer NOT NULL,
    app_label character varying(100) NOT NULL,
    model character varying(100) NOT NULL
);


ALTER TABLE public.django_content_type OWNER TO fashion_user;

--
-- Name: django_content_type_id_seq; Type: SEQUENCE; Schema: public; Owner: fashion_user
--

ALTER TABLE public.django_content_type ALTER COLUMN id ADD GENERATED BY DEFAULT AS IDENTITY (
    SEQUENCE NAME public.django_content_type_id_seq
    START WITH 1
    INCREMENT BY 1
    NO MINVALUE
    NO MAXVALUE
    CACHE 1
);


--
-- Name: django_migrations; Type: TABLE; Schema: public; Owner: fashion_user
--

CREATE TABLE public.django_migrations (
    id bigint NOT NULL,
    app character varying(255) NOT NULL,
    name character varying(255) NOT NULL,
    applied timestamp with time zone NOT NULL
);


ALTER TABLE public.django_migrations OWNER TO fashion_user;

--
-- Name: django_migrations_id_seq; Type: SEQUENCE; Schema: public; Owner: fashion_user
--

ALTER TABLE public.django_migrations ALTER COLUMN id ADD GENERATED BY DEFAULT AS IDENTITY (
    SEQUENCE NAME public.django_migrations_id_seq
    START WITH 1
    INCREMENT BY 1
    NO MINVALUE
    NO MAXVALUE
    CACHE 1
);


--
-- Name: django_session; Type: TABLE; Schema: public; Owner: fashion_user
--

CREATE TABLE public.django_session (
    session_key character varying(40) NOT NULL,
    session_data text NOT NULL,
    expire_date timestamp with time zone NOT NULL
);


ALTER TABLE public.django_session OWNER TO fashion_user;

--
-- Name: rentalapp_cart; Type: TABLE; Schema: public; Owner: fashion_user
--

CREATE TABLE public.rentalapp_cart (
    id integer NOT NULL,
    user_id integer NOT NULL,
    created_at timestamp without time zone DEFAULT CURRENT_TIMESTAMP NOT NULL
);


ALTER TABLE public.rentalapp_cart OWNER TO fashion_user;

--
-- Name: rentalapp_cart_id_seq; Type: SEQUENCE; Schema: public; Owner: fashion_user
--

CREATE SEQUENCE public.rentalapp_cart_id_seq
    AS integer
    START WITH 1
    INCREMENT BY 1
    NO MINVALUE
    NO MAXVALUE
    CACHE 1;


ALTER TABLE public.rentalapp_cart_id_seq OWNER TO fashion_user;

--
-- Name: rentalapp_cart_id_seq; Type: SEQUENCE OWNED BY; Schema: public; Owner: fashion_user
--

ALTER SEQUENCE public.rentalapp_cart_id_seq OWNED BY public.rentalapp_cart.id;


--
-- Name: rentalapp_cartitem; Type: TABLE; Schema: public; Owner: fashion_user
--

CREATE TABLE public.rentalapp_cartitem (
    id integer NOT NULL,
    cart_id integer NOT NULL,
    product_id integer NOT NULL,
    quantity integer DEFAULT 1 NOT NULL,
    rent_days integer DEFAULT 3 NOT NULL
);


ALTER TABLE public.rentalapp_cartitem OWNER TO fashion_user;

--
-- Name: rentalapp_cartitem_id_seq; Type: SEQUENCE; Schema: public; Owner: fashion_user
--

CREATE SEQUENCE public.rentalapp_cartitem_id_seq
    AS integer
    START WITH 1
    INCREMENT BY 1
    NO MINVALUE
    NO MAXVALUE
    CACHE 1;


ALTER TABLE public.rentalapp_cartitem_id_seq OWNER TO fashion_user;

--
-- Name: rentalapp_cartitem_id_seq; Type: SEQUENCE OWNED BY; Schema: public; Owner: fashion_user
--

ALTER SEQUENCE public.rentalapp_cartitem_id_seq OWNED BY public.rentalapp_cartitem.id;


--
-- Name: rentalapp_category; Type: TABLE; Schema: public; Owner: fashion_user
--

CREATE TABLE public.rentalapp_category (
    id bigint NOT NULL,
    name character varying(100) NOT NULL,
    description text
);


ALTER TABLE public.rentalapp_category OWNER TO fashion_user;

--
-- Name: rentalapp_category_id_seq; Type: SEQUENCE; Schema: public; Owner: fashion_user
--

ALTER TABLE public.rentalapp_category ALTER COLUMN id ADD GENERATED BY DEFAULT AS IDENTITY (
    SEQUENCE NAME public.rentalapp_category_id_seq
    START WITH 1
    INCREMENT BY 1
    NO MINVALUE
    NO MAXVALUE
    CACHE 1
);


--
-- Name: rentalapp_checkout; Type: TABLE; Schema: public; Owner: fashion_user
--

CREATE TABLE public.rentalapp_checkout (
    id integer NOT NULL,
    user_id integer NOT NULL,
    product_id integer NOT NULL,
    rent_days integer NOT NULL,
    total_price numeric(10,2) NOT NULL,
    created_at timestamp with time zone DEFAULT CURRENT_TIMESTAMP NOT NULL,
    is_confirmed boolean DEFAULT false NOT NULL,
    status character varying(50) DEFAULT 'pending'::character varying NOT NULL
);


ALTER TABLE public.rentalapp_checkout OWNER TO fashion_user;

--
-- Name: rentalapp_checkout_id_seq; Type: SEQUENCE; Schema: public; Owner: fashion_user
--

CREATE SEQUENCE public.rentalapp_checkout_id_seq
    AS integer
    START WITH 1
    INCREMENT BY 1
    NO MINVALUE
    NO MAXVALUE
    CACHE 1;


ALTER TABLE public.rentalapp_checkout_id_seq OWNER TO fashion_user;

--
-- Name: rentalapp_checkout_id_seq; Type: SEQUENCE OWNED BY; Schema: public; Owner: fashion_user
--

ALTER SEQUENCE public.rentalapp_checkout_id_seq OWNED BY public.rentalapp_checkout.id;


--
-- Name: rentalapp_order; Type: TABLE; Schema: public; Owner: fashion_user
--

CREATE TABLE public.rentalapp_order (
    id bigint NOT NULL,
    total_price numeric(6,2) NOT NULL,
    is_paid boolean NOT NULL,
    created_at timestamp with time zone NOT NULL,
    user_id integer NOT NULL,
    order_id integer NOT NULL,
    status character varying(255)
);


ALTER TABLE public.rentalapp_order OWNER TO fashion_user;

--
-- Name: rentalapp_order_id_seq; Type: SEQUENCE; Schema: public; Owner: fashion_user
--

ALTER TABLE public.rentalapp_order ALTER COLUMN id ADD GENERATED BY DEFAULT AS IDENTITY (
    SEQUENCE NAME public.rentalapp_order_id_seq
    START WITH 1
    INCREMENT BY 1
    NO MINVALUE
    NO MAXVALUE
    CACHE 1
);


--
-- Name: rentalapp_order_order_id_seq; Type: SEQUENCE; Schema: public; Owner: fashion_user
--

CREATE SEQUENCE public.rentalapp_order_order_id_seq
    AS integer
    START WITH 1
    INCREMENT BY 1
    NO MINVALUE
    NO MAXVALUE
    CACHE 1;


ALTER TABLE public.rentalapp_order_order_id_seq OWNER TO fashion_user;

--
-- Name: rentalapp_order_order_id_seq; Type: SEQUENCE OWNED BY; Schema: public; Owner: fashion_user
--

ALTER SEQUENCE public.rentalapp_order_order_id_seq OWNED BY public.rentalapp_order.order_id;


--
-- Name: rentalapp_order_outfits; Type: TABLE; Schema: public; Owner: fashion_user
--

CREATE TABLE public.rentalapp_order_outfits (
    id bigint NOT NULL,
    order_id bigint NOT NULL,
    outfit_id bigint NOT NULL
);


ALTER TABLE public.rentalapp_order_outfits OWNER TO fashion_user;

--
-- Name: rentalapp_order_outfits_id_seq; Type: SEQUENCE; Schema: public; Owner: fashion_user
--

ALTER TABLE public.rentalapp_order_outfits ALTER COLUMN id ADD GENERATED BY DEFAULT AS IDENTITY (
    SEQUENCE NAME public.rentalapp_order_outfits_id_seq
    START WITH 1
    INCREMENT BY 1
    NO MINVALUE
    NO MAXVALUE
    CACHE 1
);


--
-- Name: rentalapp_outfit; Type: TABLE; Schema: public; Owner: fashion_user
--

CREATE TABLE public.rentalapp_outfit (
    id bigint NOT NULL,
    name character varying(200) NOT NULL,
    price numeric(6,2) NOT NULL,
    size character varying(20) NOT NULL,
    image character varying(100) NOT NULL,
    description text NOT NULL,
    category_id bigint NOT NULL
);


ALTER TABLE public.rentalapp_outfit OWNER TO fashion_user;

--
-- Name: rentalapp_outfit_id_seq; Type: SEQUENCE; Schema: public; Owner: fashion_user
--

ALTER TABLE public.rentalapp_outfit ALTER COLUMN id ADD GENERATED BY DEFAULT AS IDENTITY (
    SEQUENCE NAME public.rentalapp_outfit_id_seq
    START WITH 1
    INCREMENT BY 1
    NO MINVALUE
    NO MAXVALUE
    CACHE 1
);


--
-- Name: rentalapp_product; Type: TABLE; Schema: public; Owner: fashion_user
--

CREATE TABLE public.rentalapp_product (
    id bigint NOT NULL,
    name character varying(100) NOT NULL,
    description text NOT NULL,
    price numeric(10,2) NOT NULL,
    image character varying(100),
    is_featured boolean NOT NULL,
    is_active boolean NOT NULL,
    stock integer NOT NULL,
    sku character varying(20),
    discount numeric(5,2) NOT NULL,
    status character varying(20) NOT NULL,
    slug character varying(150),
    created_at timestamp with time zone NOT NULL,
    updated_at timestamp with time zone NOT NULL,
    category_id bigint NOT NULL,
    rating double precision DEFAULT 0,
    sizes jsonb,
    colors json,
    CONSTRAINT rentalapp_product_stock_check CHECK ((stock >= 0))
);


ALTER TABLE public.rentalapp_product OWNER TO fashion_user;

--
-- Name: rentalapp_product_id_seq; Type: SEQUENCE; Schema: public; Owner: fashion_user
--

ALTER TABLE public.rentalapp_product ALTER COLUMN id ADD GENERATED BY DEFAULT AS IDENTITY (
    SEQUENCE NAME public.rentalapp_product_id_seq
    START WITH 1
    INCREMENT BY 1
    NO MINVALUE
    NO MAXVALUE
    CACHE 1
);


--
-- Name: rentalapp_rental; Type: TABLE; Schema: public; Owner: fashion_user
--

CREATE TABLE public.rentalapp_rental (
    id integer NOT NULL,
    user_id integer NOT NULL,
    product_id integer NOT NULL,
    start_date date NOT NULL,
    total_price numeric(10,2) NOT NULL,
    created_at timestamp with time zone NOT NULL,
    size character varying(50),
    color character varying(20),
    rent_days integer DEFAULT 1 NOT NULL,
    is_payment_verified boolean DEFAULT false NOT NULL,
    payment_verified_date timestamp with time zone
);


ALTER TABLE public.rentalapp_rental OWNER TO fashion_user;

--
-- Name: rentalapp_rental_id_seq; Type: SEQUENCE; Schema: public; Owner: fashion_user
--

CREATE SEQUENCE public.rentalapp_rental_id_seq
    AS integer
    START WITH 1
    INCREMENT BY 1
    NO MINVALUE
    NO MAXVALUE
    CACHE 1;


ALTER TABLE public.rentalapp_rental_id_seq OWNER TO fashion_user;

--
-- Name: rentalapp_rental_id_seq; Type: SEQUENCE OWNED BY; Schema: public; Owner: fashion_user
--

ALTER SEQUENCE public.rentalapp_rental_id_seq OWNED BY public.rentalapp_rental.id;


--
-- Name: rentalapp_return; Type: TABLE; Schema: public; Owner: fashion_user
--

CREATE TABLE public.rentalapp_return (
    id bigint NOT NULL,
    method character varying(100) NOT NULL,
    review text NOT NULL,
    created_at timestamp with time zone NOT NULL,
    order_id bigint NOT NULL,
    status character varying(13) DEFAULT 'pending'::character varying NOT NULL
);


ALTER TABLE public.rentalapp_return OWNER TO fashion_user;

--
-- Name: rentalapp_return_id_seq; Type: SEQUENCE; Schema: public; Owner: fashion_user
--

ALTER TABLE public.rentalapp_return ALTER COLUMN id ADD GENERATED BY DEFAULT AS IDENTITY (
    SEQUENCE NAME public.rentalapp_return_id_seq
    START WITH 1
    INCREMENT BY 1
    NO MINVALUE
    NO MAXVALUE
    CACHE 1
);


--
-- Name: rentalapp_trend; Type: TABLE; Schema: public; Owner: fashion_user
--

CREATE TABLE public.rentalapp_trend (
    id bigint NOT NULL,
    title character varying(200) NOT NULL,
    description text NOT NULL,
    image character varying(100) NOT NULL,
    created_at timestamp with time zone NOT NULL
);


ALTER TABLE public.rentalapp_trend OWNER TO fashion_user;

--
-- Name: rentalapp_trend_id_seq; Type: SEQUENCE; Schema: public; Owner: fashion_user
--

ALTER TABLE public.rentalapp_trend ALTER COLUMN id ADD GENERATED BY DEFAULT AS IDENTITY (
    SEQUENCE NAME public.rentalapp_trend_id_seq
    START WITH 1
    INCREMENT BY 1
    NO MINVALUE
    NO MAXVALUE
    CACHE 1
);


--
-- Name: rentalapp_userprofile; Type: TABLE; Schema: public; Owner: fashion_user
--

CREATE TABLE public.rentalapp_userprofile (
    id integer NOT NULL,
    user_id integer NOT NULL,
    phone_number character varying(20),
    address text
);


ALTER TABLE public.rentalapp_userprofile OWNER TO fashion_user;

--
-- Name: rentalapp_userprofile_id_seq; Type: SEQUENCE; Schema: public; Owner: fashion_user
--

CREATE SEQUENCE public.rentalapp_userprofile_id_seq
    AS integer
    START WITH 1
    INCREMENT BY 1
    NO MINVALUE
    NO MAXVALUE
    CACHE 1;


ALTER TABLE public.rentalapp_userprofile_id_seq OWNER TO fashion_user;

--
-- Name: rentalapp_userprofile_id_seq; Type: SEQUENCE OWNED BY; Schema: public; Owner: fashion_user
--

ALTER SEQUENCE public.rentalapp_userprofile_id_seq OWNED BY public.rentalapp_userprofile.id;


--
-- Name: rentalapp_cart id; Type: DEFAULT; Schema: public; Owner: fashion_user
--

ALTER TABLE ONLY public.rentalapp_cart ALTER COLUMN id SET DEFAULT nextval('public.rentalapp_cart_id_seq'::regclass);


--
-- Name: rentalapp_cartitem id; Type: DEFAULT; Schema: public; Owner: fashion_user
--

ALTER TABLE ONLY public.rentalapp_cartitem ALTER COLUMN id SET DEFAULT nextval('public.rentalapp_cartitem_id_seq'::regclass);


--
-- Name: rentalapp_checkout id; Type: DEFAULT; Schema: public; Owner: fashion_user
--

ALTER TABLE ONLY public.rentalapp_checkout ALTER COLUMN id SET DEFAULT nextval('public.rentalapp_checkout_id_seq'::regclass);


--
-- Name: rentalapp_order order_id; Type: DEFAULT; Schema: public; Owner: fashion_user
--

ALTER TABLE ONLY public.rentalapp_order ALTER COLUMN order_id SET DEFAULT nextval('public.rentalapp_order_order_id_seq'::regclass);


--
-- Name: rentalapp_rental id; Type: DEFAULT; Schema: public; Owner: fashion_user
--

ALTER TABLE ONLY public.rentalapp_rental ALTER COLUMN id SET DEFAULT nextval('public.rentalapp_rental_id_seq'::regclass);


--
-- Name: rentalapp_userprofile id; Type: DEFAULT; Schema: public; Owner: fashion_user
--

ALTER TABLE ONLY public.rentalapp_userprofile ALTER COLUMN id SET DEFAULT nextval('public.rentalapp_userprofile_id_seq'::regclass);


--
-- Data for Name: auth_group; Type: TABLE DATA; Schema: public; Owner: fashion_user
--

COPY public.auth_group (id, name) FROM stdin;
\.


--
-- Data for Name: auth_group_permissions; Type: TABLE DATA; Schema: public; Owner: fashion_user
--

COPY public.auth_group_permissions (id, group_id, permission_id) FROM stdin;
\.


--
-- Data for Name: auth_permission; Type: TABLE DATA; Schema: public; Owner: fashion_user
--

COPY public.auth_permission (id, name, content_type_id, codename) FROM stdin;
1	Can add log entry	1	add_logentry
2	Can change log entry	1	change_logentry
3	Can delete log entry	1	delete_logentry
4	Can view log entry	1	view_logentry
5	Can add permission	2	add_permission
6	Can change permission	2	change_permission
7	Can delete permission	2	delete_permission
8	Can view permission	2	view_permission
9	Can add group	3	add_group
10	Can change group	3	change_group
11	Can delete group	3	delete_group
12	Can view group	3	view_group
13	Can add user	4	add_user
14	Can change user	4	change_user
15	Can delete user	4	delete_user
16	Can view user	4	view_user
17	Can add content type	5	add_contenttype
18	Can change content type	5	change_contenttype
19	Can delete content type	5	delete_contenttype
20	Can view content type	5	view_contenttype
21	Can add session	6	add_session
22	Can change session	6	change_session
23	Can delete session	6	delete_session
24	Can view session	6	view_session
25	Can add category	7	add_category
26	Can change category	7	change_category
27	Can delete category	7	delete_category
28	Can view category	7	view_category
29	Can add product	8	add_product
30	Can change product	8	change_product
31	Can delete product	8	delete_product
32	Can view product	8	view_product
33	Can add outfit	9	add_outfit
34	Can change outfit	9	change_outfit
35	Can delete outfit	9	delete_outfit
36	Can view outfit	9	view_outfit
37	Can add order	10	add_order
38	Can change order	10	change_order
39	Can delete order	10	delete_order
40	Can view order	10	view_order
41	Can add return	11	add_return
42	Can change return	11	change_return
43	Can delete return	11	delete_return
44	Can view return	11	view_return
45	Can add trend	12	add_trend
46	Can change trend	12	change_trend
47	Can delete trend	12	delete_trend
48	Can view trend	12	view_trend
49	Can add user profile	13	add_userprofile
50	Can change user profile	13	change_userprofile
51	Can delete user profile	13	delete_userprofile
52	Can view user profile	13	view_userprofile
53	Can add order outfit	14	add_orderoutfit
54	Can change order outfit	14	change_orderoutfit
55	Can delete order outfit	14	delete_orderoutfit
56	Can view order outfit	14	view_orderoutfit
82	Can add cart	46	add_cart
83	Can change cart	46	change_cart
84	Can delete cart	46	delete_cart
85	Can view cart	46	view_cart
86	Can add cart item	47	add_cartitem
87	Can change cart item	47	change_cartitem
88	Can delete cart item	47	delete_cartitem
89	Can view cart item	47	view_cartitem
90	Can add rental	48	add_rental
91	Can change rental	48	change_rental
92	Can delete rental	48	delete_rental
93	Can view rental	48	view_rental
94	Can add rental item	49	add_rentalitem
95	Can change rental item	49	change_rentalitem
96	Can delete rental item	49	delete_rentalitem
97	Can view rental item	49	view_rentalitem
115	Can add order item	79	add_orderitem
116	Can change order item	79	change_orderitem
117	Can delete order item	79	delete_orderitem
118	Can view order item	79	view_orderitem
119	Can add checkout	80	add_checkout
120	Can change checkout	80	change_checkout
121	Can delete checkout	80	delete_checkout
122	Can view checkout	80	view_checkout
123	Can add shipping address	81	add_shippingaddress
124	Can change shipping address	81	change_shippingaddress
125	Can delete shipping address	81	delete_shippingaddress
126	Can view shipping address	81	view_shippingaddress
\.


--
-- Data for Name: auth_user; Type: TABLE DATA; Schema: public; Owner: fashion_user
--

COPY public.auth_user (id, password, last_login, is_superuser, username, first_name, last_name, email, is_staff, is_active, date_joined) FROM stdin;
2	pbkdf2_sha256$1000000$7T7irDIgEqWs46ySiwBoTB$DsSMLk7cgIPvZXm5Yvnyfm5mD9eEufskCDFeR3zqs+8=	\N	f	AA1				f	t	2025-05-05 12:14:00.867285+00
3	pbkdf2_sha256$1000000$qcoVxdya1FtGZ1wEe1Kb1d$IeGL8en8R1/ozmFeBiIJRYQWLIDUPf7CNFBuq+wOSn4=	2025-05-05 12:26:42.87807+00	f	aa				f	t	2025-05-05 12:26:42.50909+00
4	pbkdf2_sha256$1000000$cFt6UQC7w2Ln9L593fJJrU$neByC4kL94zHmuuURDqZwFgdnKl79bUdNsb6odAGd6I=	\N	t	ohm			ohm@gmail.com	t	t	2025-05-05 17:19:28.967869+00
37	pbkdf2_sha256$1000000$qTsOux3ttrtkCvyKBVQixX$S3+aR3WutidRUv2nwHDJYpxwQbNlgEtw2O3hQTcuddU=	2025-05-07 03:53:47.480326+00	f	bm12				f	t	2025-05-07 03:53:47.099967+00
1	pbkdf2_sha256$1000000$rgst8RFy6AhAfeGKL5TrRo$1mIaTQ2Kmu5xFlBuJdqB+bZ3Mmzw6EwHkQt/FJFDWkw=	2025-05-10 08:48:24.342574+00	t	bm			thawaporn.t@gmail.com	t	t	2025-05-04 04:52:23.553288+00
39	pbkdf2_sha256$1000000$cMulzFuDpvAPjTw3djfv26$E9d4AMF3acZq4hSiEHoX7ljHa+XdNvI+T1tvNSJjtYM=	2025-05-10 11:01:33.941888+00	t	b			thawaporn.t@gmail.com	t	t	2025-05-10 11:00:49.894505+00
38	pbkdf2_sha256$1000000$8oe905wpOTzaNB7MsUlUof$oVmbtn/g1MK6l9+J9gcglFGob9yQA3rYVHmhZYELaoI=	2025-05-10 19:22:22.091337+00	f	ohm16				f	t	2025-05-10 08:21:22.339372+00
\.


--
-- Data for Name: auth_user_groups; Type: TABLE DATA; Schema: public; Owner: fashion_user
--

COPY public.auth_user_groups (id, user_id, group_id) FROM stdin;
\.


--
-- Data for Name: auth_user_user_permissions; Type: TABLE DATA; Schema: public; Owner: fashion_user
--

COPY public.auth_user_user_permissions (id, user_id, permission_id) FROM stdin;
\.


--
-- Data for Name: django_admin_log; Type: TABLE DATA; Schema: public; Owner: fashion_user
--

COPY public.django_admin_log (id, action_time, object_id, object_repr, action_flag, change_message, content_type_id, user_id) FROM stdin;
1	2025-05-04 05:01:21.855372+00	1	New Product	2	[{"changed": {"fields": ["Image"]}}]	8	1
2	2025-05-04 05:01:58.919677+00	2	Beach Day	1	[{"added": {}}]	7	1
3	2025-05-04 05:02:19.223009+00	2	Gentlewoman Waistband Tape One Piece Swimsuit	1	[{"added": {}}]	8	1
4	2025-05-04 07:11:50.843586+00	3	Beach Day	1	[{"added": {}}]	8	1
5	2025-05-04 07:12:01.085198+00	3	Beach Day	2	[{"changed": {"fields": ["Is featured", "Rating"]}}]	8	1
6	2025-05-04 07:12:19.577716+00	3	Beach Day	2	[{"changed": {"fields": ["Stock", "Discount"]}}]	8	1
7	2025-05-04 07:12:43.807844+00	1	New Product	2	[{"changed": {"fields": ["Image", "Is featured"]}}]	8	1
8	2025-05-04 07:13:17.684162+00	2	Gentlewoman Waistband Tape One Piece Swimsuit	2	[{"changed": {"fields": ["Image"]}}]	8	1
37	2025-05-04 07:38:41.970513+00	3	Beach Day	2	[{"changed": {"fields": ["Sku"]}}]	8	1
38	2025-05-04 07:38:46.416993+00	2	Gentlewoman Waistband Tape One Piece Swimsuit	2	[{"changed": {"fields": ["Sku"]}}]	8	1
39	2025-05-04 07:38:49.940692+00	1	New Product	2	[{"changed": {"fields": ["Sku"]}}]	8	1
40	2025-05-04 07:48:41.288237+00	3	Beach Day	2	[{"changed": {"fields": ["Status"]}}]	8	1
41	2025-05-04 07:51:31.653203+00	2	Gentlewoman Waistband Tape One Piece Swimsuit	2	[{"changed": {"fields": ["Description"]}}]	8	1
73	2025-05-04 07:53:23.1676+00	2	Gentlewoman Waistband Tape One Piece Swimsuit	2	[{"changed": {"fields": ["Rating"]}}]	8	1
74	2025-05-04 07:53:53.129908+00	3	Beach Day	2	[{"changed": {"fields": ["Sku"]}}]	8	1
75	2025-05-04 07:54:15.432085+00	2	Gentlewoman Waistband Tape One Piece Swimsuit	2	[{"changed": {"fields": ["Sku"]}}]	8	1
76	2025-05-04 07:54:40.774447+00	3	Winter Vacation	1	[{"added": {}}]	7	1
77	2025-05-04 07:54:53.552399+00	1	Winter Vacation Jacket	2	[{"changed": {"fields": ["Name", "Category", "Sku"]}}]	8	1
78	2025-05-04 07:55:10.335621+00	1	Winter Vacation Jacket	2	[{"changed": {"fields": ["Discount", "Rating"]}}]	8	1
79	2025-05-04 08:07:39.521905+00	1	Winter Vacation Jacket	2	[{"changed": {"fields": ["Description", "Rating"]}}]	8	1
112	2025-05-10 11:01:54.537144+00	2	Gentlewoman Waistband Tape One Piece Swimsuit	2	[{"changed": {"fields": ["Stock"]}}]	8	39
113	2025-05-10 11:02:07.797638+00	1	Winter Vacation Jacket	2	[{"changed": {"fields": ["Price"]}}]	8	39
114	2025-05-10 11:02:57.524343+00	2	Gentlewoman Waistband Tape One Piece Swimsuit	2	[{"changed": {"fields": ["Price"]}}]	8	39
115	2025-05-10 18:32:15.897533+00	3	Beach Day	2	[{"changed": {"fields": ["Status"]}}]	8	39
116	2025-05-10 18:32:19.661309+00	3	Beach Day	2	[{"changed": {"fields": ["Stock"]}}]	8	39
117	2025-05-10 18:32:22.138296+00	2	Gentlewoman Waistband Tape One Piece Swimsuit	2	[{"changed": {"fields": ["Stock"]}}]	8	39
118	2025-05-10 18:32:24.838076+00	1	Winter Vacation Jacket	2	[{"changed": {"fields": ["Stock"]}}]	8	39
119	2025-05-10 19:22:49.074104+00	3	Beach Day	2	[{"changed": {"fields": ["Stock"]}}]	8	39
120	2025-05-10 19:22:49.077404+00	2	Gentlewoman Waistband Tape One Piece Swimsuit	2	[{"changed": {"fields": ["Stock"]}}]	8	39
121	2025-05-10 19:22:49.078611+00	1	Winter Vacation Jacket	2	[{"changed": {"fields": ["Stock"]}}]	8	39
\.


--
-- Data for Name: django_content_type; Type: TABLE DATA; Schema: public; Owner: fashion_user
--

COPY public.django_content_type (id, app_label, model) FROM stdin;
1	admin	logentry
2	auth	permission
3	auth	group
4	auth	user
5	contenttypes	contenttype
6	sessions	session
7	rentalapp	category
8	rentalapp	product
9	rentalapp	outfit
10	rentalapp	order
11	rentalapp	return
12	rentalapp	trend
13	rentalapp	userprofile
14	rentalapp	orderoutfit
46	rentalapp	cart
47	rentalapp	cartitem
48	rentalapp	rental
49	rentalapp	rentalitem
79	rentalapp	orderitem
80	rentalapp	checkout
81	rentalapp	shippingaddress
\.


--
-- Data for Name: django_migrations; Type: TABLE DATA; Schema: public; Owner: fashion_user
--

COPY public.django_migrations (id, app, name, applied) FROM stdin;
1	contenttypes	0001_initial	2025-05-04 04:34:14.02527+00
2	auth	0001_initial	2025-05-04 04:34:14.058012+00
3	admin	0001_initial	2025-05-04 04:34:14.068513+00
4	admin	0002_logentry_remove_auto_add	2025-05-04 04:34:14.072122+00
5	admin	0003_logentry_add_action_flag_choices	2025-05-04 04:34:14.076587+00
6	contenttypes	0002_remove_content_type_name	2025-05-04 04:34:14.085992+00
7	auth	0002_alter_permission_name_max_length	2025-05-04 04:34:14.089564+00
8	auth	0003_alter_user_email_max_length	2025-05-04 04:34:14.09314+00
9	auth	0004_alter_user_username_opts	2025-05-04 04:34:14.096413+00
10	auth	0005_alter_user_last_login_null	2025-05-04 04:34:14.099909+00
11	auth	0006_require_contenttypes_0002	2025-05-04 04:34:14.1004+00
12	auth	0007_alter_validators_add_error_messages	2025-05-04 04:34:14.103744+00
13	auth	0008_alter_user_username_max_length	2025-05-04 04:34:14.109822+00
14	auth	0009_alter_user_last_name_max_length	2025-05-04 04:34:14.113303+00
15	auth	0010_alter_group_name_max_length	2025-05-04 04:34:14.117306+00
16	auth	0011_update_proxy_permissions	2025-05-04 04:34:14.122648+00
17	auth	0012_alter_user_first_name_max_length	2025-05-04 04:34:14.12615+00
18	sessions	0001_initial	2025-05-04 04:34:14.131317+00
19	rentalapp	0001_initial	2025-05-04 04:54:27.730275+00
\.


--
-- Data for Name: django_session; Type: TABLE DATA; Schema: public; Owner: fashion_user
--

COPY public.django_session (session_key, session_data, expire_date) FROM stdin;
fhexe6e1fx5zdfacfpl6h6nui9bkn1ds	.eJxVjEEOwiAQRe_C2hAoDKUu3XsGMjOAVA0kpV0Z765NutDtf-_9lwi4rSVsPS1hjuIstDj9boT8SHUH8Y711iS3ui4zyV2RB-3y2mJ6Xg7376BgL98anLfRJvTeKDVBTKQ9kmYCGrTNjtEMOtPojZuAMrCyHAFRkVV5zCTeH-J3OE8:1uBRLq:m42UANRC63GcQDOkDJeKvefM_3kjgt2oLpL3uHMQd0I	2025-05-18 04:53:18.46037+00
wpgmxkp3s4fd4630okuud99j3wqx28pb	.eJytkE9rwzAMxb9K8DlNEydO0x53GQz2BzpW2BhGsdXGa2N3sUIZpd99cTdGeyhjsIvBkt5P72nPJPTUyN5jJ41mM5ZXLD4t1qDWaENHv4FduUQ5S52pkzCSfHd9cus0bq6-Z88ADfhmUFeZELrAJZZZhkLgZJqWleZVWeRQ1IIXy1KUS8V1kQpRczFRHBQvNQi9xDwLUAUdsdme8fC892DJ0AebZTGz0OKw4xotbXDnWrDRAoynGqyOHmGL0b3F6MGgwmi-M63vDQ3AbWfUoBNpmqSHmGWXuAtjCbvoCRSQcTa6CTlPANkgH_SqQbV2PUkNBIEVDEtD2Ho2e9mzcF_-L2ZjZlpYBcq4RW1gvO2c7hX58Ql19EOVd5v22ZtdsrWrgXQWkRzBRp5f4svqn_JfdjRXHaL1jSPJRVmN0mKUTiWQTPMknyQ8_9VVOO9rzHxfH8vB5nHj6e9w-ASRpunt:1uDpms:ACQcH61r4ikw4kVL1fu9NTjot3AUqFHDBQS8jZ0QId4	2025-05-24 19:23:06.520619+00
uypqjyoqgngsv7rzyf7j50v5b6z4dbwu	.eJytkM1ugzAQhF8F-UwIYMLfMaqUU9NIrVS1VYUWewNuwFBsGkUR716TRim5NJdeLHl355vRHEkGvS6zXmGXCU5SQhNiT4c5sB3KccM_QBaNwxqpO5E744lz3irnvuFYLc-3V4ASVGnUwEPK4yQK_MD3KMdtnC8oeqEXxRGnXkjR5TSIaLjY-kHM3MCPaLLgvrflPKBJZKCsRLZrep1x0EDSI2HQ6UxorBVJ345kzE9tIqFGY7hEYKV1BwejbDvBzIy6ruPaRNRQjBfzGrmAeds1vGdazTcGd5itRVHqrOQv0Wr35bSyMPrPHqQW-kBSzya60VBlU-Rg_5j7F_MVSl3hvqlBWs8glM5BcusJWrQeJFobgQytx72oVS_0b0Dvr3gT5uzCzNZV_arE_mZQgx7ebaL6_DQek5_cpr_BPlU6VkvH54p2o1aj9a81_9HGMAzfq_rb-A:1uDxrr:l8Wz6eFCzZLy273HZqIevOKgDQLAg58hKZ1n7o3_QYQ	2025-05-25 04:00:47.965344+00
q7h9m260shgu5u15yu8jcrocd3t6yokh	.eJxVjM0KgzAQhN9lzyJJTTR67L1PUErY3STV_hgw8SS-exUstLdh5ptvAYtz7u2c_GQHBx1IKH47Qn76cR_cA8d7LDmOeRqo3JHyWFN5ic6_zgf7J-gx9dtb10Y55dGYSohWO0_SIEkmTSepQs1YnWSgxlR1qyloFoqdRhSkRGgCbVLuPT_jnK3DjNAtwDhlO2T_TtBdbwWkmXLM-IJOFPBN6_oBqvpL5w:1uDftS:NQMCeJsa-PGnm_BQ43xiU4sHEncrr_Qo8raRX0Y8MP4	2025-05-24 08:49:14.300123+00
\.


--
-- Data for Name: rentalapp_cart; Type: TABLE DATA; Schema: public; Owner: fashion_user
--

COPY public.rentalapp_cart (id, user_id, created_at) FROM stdin;
1	3	2025-05-05 17:45:02.60312
2	1	2025-05-09 16:02:42.685941
\.


--
-- Data for Name: rentalapp_cartitem; Type: TABLE DATA; Schema: public; Owner: fashion_user
--

COPY public.rentalapp_cartitem (id, cart_id, product_id, quantity, rent_days) FROM stdin;
\.


--
-- Data for Name: rentalapp_category; Type: TABLE DATA; Schema: public; Owner: fashion_user
--

COPY public.rentalapp_category (id, name, description) FROM stdin;
1	New Category	\N
2	Beach Day	\N
3	Winter Vacation	\N
4	Clothing	\N
\.


--
-- Data for Name: rentalapp_checkout; Type: TABLE DATA; Schema: public; Owner: fashion_user
--

COPY public.rentalapp_checkout (id, user_id, product_id, rent_days, total_price, created_at, is_confirmed, status) FROM stdin;
1	1	101	7	1500.00	2025-05-09 16:32:26.335903+00	f	completed
37	1	1	7	1000.00	2025-05-09 17:00:31.181228+00	f	pending
\.


--
-- Data for Name: rentalapp_order; Type: TABLE DATA; Schema: public; Owner: fashion_user
--

COPY public.rentalapp_order (id, total_price, is_paid, created_at, user_id, order_id, status) FROM stdin;
1	300.00	f	2025-05-10 19:34:31.277394+00	39	1	pending
2	1000.00	f	2025-05-10 19:36:11.99035+00	39	2	pending
3	0.00	f	2025-05-11 04:11:03.316919+00	39	3	pending
4	0.00	f	2025-05-11 04:15:09.511865+00	39	4	pending
\.


--
-- Data for Name: rentalapp_order_outfits; Type: TABLE DATA; Schema: public; Owner: fashion_user
--

COPY public.rentalapp_order_outfits (id, order_id, outfit_id) FROM stdin;
\.


--
-- Data for Name: rentalapp_outfit; Type: TABLE DATA; Schema: public; Owner: fashion_user
--

COPY public.rentalapp_outfit (id, name, price, size, image, description, category_id) FROM stdin;
1	Summer Dress	250.00	M	path_to_image.jpg	A stylish summer dress	1
\.


--
-- Data for Name: rentalapp_product; Type: TABLE DATA; Schema: public; Owner: fashion_user
--

COPY public.rentalapp_product (id, name, description, price, image, is_featured, is_active, stock, sku, discount, status, slug, created_at, updated_at, category_id, rating, sizes, colors) FROM stdin;
3	Beach Day	ก	300.00	products/Party-Night_hdY7Gkv.png	t	t	10	beachday-001	1.00	available	beach-day	2025-05-04 07:11:50.841709+00	2025-05-10 19:22:49.072594+00	2	5	["S", "M", "L"]	[]
1	Winter Vacation Jacket	A warm and stylish jacket perfect for winter vacations. Featuring high-quality insulation and a sleek design to keep you cozy and fashionable during chilly weather	1.00	products/Screenshot_2568-04-09_at_03.37.23.png	t	t	9	WinterVacation-001	100.00	available	new-product	2025-05-04 04:57:27.476511+00	2025-05-10 19:23:02.973283+00	3	4.5	["S", "M", "L"]	["red", "green", "blue"]
2	Gentlewoman Waistband Tape One Piece Swimsuit	A stylish and comfortable one-piece swimsuit designed with a waistband tape for a perfect fit. Ideal for beach days and poolside relaxation	1.00	products/Gentlewoman-Waistband_NlmZsiw.png	t	t	4	beachday-002	0.00	available	gentlewoman-waistband-tape-one-piece-swimsuit	2025-05-04 05:02:19.221792+00	2025-05-11 04:00:45.060782+00	2	3	["S", "M", "L"]	[]
\.


--
-- Data for Name: rentalapp_rental; Type: TABLE DATA; Schema: public; Owner: fashion_user
--

COPY public.rentalapp_rental (id, user_id, product_id, start_date, total_price, created_at, size, color, rent_days, is_payment_verified, payment_verified_date) FROM stdin;
\.


--
-- Data for Name: rentalapp_return; Type: TABLE DATA; Schema: public; Owner: fashion_user
--

COPY public.rentalapp_return (id, method, review, created_at, order_id, status) FROM stdin;
\.


--
-- Data for Name: rentalapp_trend; Type: TABLE DATA; Schema: public; Owner: fashion_user
--

COPY public.rentalapp_trend (id, title, description, image, created_at) FROM stdin;
1	Summer Collection	A new collection of summer fashion	path_to_image.jpg	2025-05-04 04:57:27.481114+00
\.


--
-- Data for Name: rentalapp_userprofile; Type: TABLE DATA; Schema: public; Owner: fashion_user
--

COPY public.rentalapp_userprofile (id, user_id, phone_number, address) FROM stdin;
2	3		
3	4		
36	37		
1	1	+66612345678	123 Example St, Bangkok
38	39		
37	38		
\.


--
-- Name: auth_group_id_seq; Type: SEQUENCE SET; Schema: public; Owner: fashion_user
--

SELECT pg_catalog.setval('public.auth_group_id_seq', 1, false);


--
-- Name: auth_group_permissions_id_seq; Type: SEQUENCE SET; Schema: public; Owner: fashion_user
--

SELECT pg_catalog.setval('public.auth_group_permissions_id_seq', 1, false);


--
-- Name: auth_permission_id_seq; Type: SEQUENCE SET; Schema: public; Owner: fashion_user
--

SELECT pg_catalog.setval('public.auth_permission_id_seq', 126, true);


--
-- Name: auth_user_groups_id_seq; Type: SEQUENCE SET; Schema: public; Owner: fashion_user
--

SELECT pg_catalog.setval('public.auth_user_groups_id_seq', 1, false);


--
-- Name: auth_user_id_seq; Type: SEQUENCE SET; Schema: public; Owner: fashion_user
--

SELECT pg_catalog.setval('public.auth_user_id_seq', 39, true);


--
-- Name: auth_user_user_permissions_id_seq; Type: SEQUENCE SET; Schema: public; Owner: fashion_user
--

SELECT pg_catalog.setval('public.auth_user_user_permissions_id_seq', 1, false);


--
-- Name: django_admin_log_id_seq; Type: SEQUENCE SET; Schema: public; Owner: fashion_user
--

SELECT pg_catalog.setval('public.django_admin_log_id_seq', 121, true);


--
-- Name: django_content_type_id_seq; Type: SEQUENCE SET; Schema: public; Owner: fashion_user
--

SELECT pg_catalog.setval('public.django_content_type_id_seq', 81, true);


--
-- Name: django_migrations_id_seq; Type: SEQUENCE SET; Schema: public; Owner: fashion_user
--

SELECT pg_catalog.setval('public.django_migrations_id_seq', 19, true);


--
-- Name: rentalapp_cart_id_seq; Type: SEQUENCE SET; Schema: public; Owner: fashion_user
--

SELECT pg_catalog.setval('public.rentalapp_cart_id_seq', 2, true);


--
-- Name: rentalapp_cartitem_id_seq; Type: SEQUENCE SET; Schema: public; Owner: fashion_user
--

SELECT pg_catalog.setval('public.rentalapp_cartitem_id_seq', 3, true);


--
-- Name: rentalapp_category_id_seq; Type: SEQUENCE SET; Schema: public; Owner: fashion_user
--

SELECT pg_catalog.setval('public.rentalapp_category_id_seq', 4, true);


--
-- Name: rentalapp_checkout_id_seq; Type: SEQUENCE SET; Schema: public; Owner: fashion_user
--

SELECT pg_catalog.setval('public.rentalapp_checkout_id_seq', 1, true);


--
-- Name: rentalapp_order_id_seq; Type: SEQUENCE SET; Schema: public; Owner: fashion_user
--

SELECT pg_catalog.setval('public.rentalapp_order_id_seq', 4, true);


--
-- Name: rentalapp_order_order_id_seq; Type: SEQUENCE SET; Schema: public; Owner: fashion_user
--

SELECT pg_catalog.setval('public.rentalapp_order_order_id_seq', 4, true);


--
-- Name: rentalapp_order_outfits_id_seq; Type: SEQUENCE SET; Schema: public; Owner: fashion_user
--

SELECT pg_catalog.setval('public.rentalapp_order_outfits_id_seq', 1, false);


--
-- Name: rentalapp_outfit_id_seq; Type: SEQUENCE SET; Schema: public; Owner: fashion_user
--

SELECT pg_catalog.setval('public.rentalapp_outfit_id_seq', 1, true);


--
-- Name: rentalapp_product_id_seq; Type: SEQUENCE SET; Schema: public; Owner: fashion_user
--

SELECT pg_catalog.setval('public.rentalapp_product_id_seq', 35, true);


--
-- Name: rentalapp_rental_id_seq; Type: SEQUENCE SET; Schema: public; Owner: fashion_user
--

SELECT pg_catalog.setval('public.rentalapp_rental_id_seq', 1, false);


--
-- Name: rentalapp_return_id_seq; Type: SEQUENCE SET; Schema: public; Owner: fashion_user
--

SELECT pg_catalog.setval('public.rentalapp_return_id_seq', 1, false);


--
-- Name: rentalapp_trend_id_seq; Type: SEQUENCE SET; Schema: public; Owner: fashion_user
--

SELECT pg_catalog.setval('public.rentalapp_trend_id_seq', 1, true);


--
-- Name: rentalapp_userprofile_id_seq; Type: SEQUENCE SET; Schema: public; Owner: fashion_user
--

SELECT pg_catalog.setval('public.rentalapp_userprofile_id_seq', 38, true);


--
-- Name: auth_group auth_group_name_key; Type: CONSTRAINT; Schema: public; Owner: fashion_user
--

ALTER TABLE ONLY public.auth_group
    ADD CONSTRAINT auth_group_name_key UNIQUE (name);


--
-- Name: auth_group_permissions auth_group_permissions_group_id_permission_id_0cd325b0_uniq; Type: CONSTRAINT; Schema: public; Owner: fashion_user
--

ALTER TABLE ONLY public.auth_group_permissions
    ADD CONSTRAINT auth_group_permissions_group_id_permission_id_0cd325b0_uniq UNIQUE (group_id, permission_id);


--
-- Name: auth_group_permissions auth_group_permissions_pkey; Type: CONSTRAINT; Schema: public; Owner: fashion_user
--

ALTER TABLE ONLY public.auth_group_permissions
    ADD CONSTRAINT auth_group_permissions_pkey PRIMARY KEY (id);


--
-- Name: auth_group auth_group_pkey; Type: CONSTRAINT; Schema: public; Owner: fashion_user
--

ALTER TABLE ONLY public.auth_group
    ADD CONSTRAINT auth_group_pkey PRIMARY KEY (id);


--
-- Name: auth_permission auth_permission_content_type_id_codename_01ab375a_uniq; Type: CONSTRAINT; Schema: public; Owner: fashion_user
--

ALTER TABLE ONLY public.auth_permission
    ADD CONSTRAINT auth_permission_content_type_id_codename_01ab375a_uniq UNIQUE (content_type_id, codename);


--
-- Name: auth_permission auth_permission_pkey; Type: CONSTRAINT; Schema: public; Owner: fashion_user
--

ALTER TABLE ONLY public.auth_permission
    ADD CONSTRAINT auth_permission_pkey PRIMARY KEY (id);


--
-- Name: auth_user_groups auth_user_groups_pkey; Type: CONSTRAINT; Schema: public; Owner: fashion_user
--

ALTER TABLE ONLY public.auth_user_groups
    ADD CONSTRAINT auth_user_groups_pkey PRIMARY KEY (id);


--
-- Name: auth_user_groups auth_user_groups_user_id_group_id_94350c0c_uniq; Type: CONSTRAINT; Schema: public; Owner: fashion_user
--

ALTER TABLE ONLY public.auth_user_groups
    ADD CONSTRAINT auth_user_groups_user_id_group_id_94350c0c_uniq UNIQUE (user_id, group_id);


--
-- Name: auth_user auth_user_pkey; Type: CONSTRAINT; Schema: public; Owner: fashion_user
--

ALTER TABLE ONLY public.auth_user
    ADD CONSTRAINT auth_user_pkey PRIMARY KEY (id);


--
-- Name: auth_user_user_permissions auth_user_user_permissions_pkey; Type: CONSTRAINT; Schema: public; Owner: fashion_user
--

ALTER TABLE ONLY public.auth_user_user_permissions
    ADD CONSTRAINT auth_user_user_permissions_pkey PRIMARY KEY (id);


--
-- Name: auth_user_user_permissions auth_user_user_permissions_user_id_permission_id_14a6b632_uniq; Type: CONSTRAINT; Schema: public; Owner: fashion_user
--

ALTER TABLE ONLY public.auth_user_user_permissions
    ADD CONSTRAINT auth_user_user_permissions_user_id_permission_id_14a6b632_uniq UNIQUE (user_id, permission_id);


--
-- Name: auth_user auth_user_username_key; Type: CONSTRAINT; Schema: public; Owner: fashion_user
--

ALTER TABLE ONLY public.auth_user
    ADD CONSTRAINT auth_user_username_key UNIQUE (username);


--
-- Name: django_admin_log django_admin_log_pkey; Type: CONSTRAINT; Schema: public; Owner: fashion_user
--

ALTER TABLE ONLY public.django_admin_log
    ADD CONSTRAINT django_admin_log_pkey PRIMARY KEY (id);


--
-- Name: django_content_type django_content_type_app_label_model_76bd3d3b_uniq; Type: CONSTRAINT; Schema: public; Owner: fashion_user
--

ALTER TABLE ONLY public.django_content_type
    ADD CONSTRAINT django_content_type_app_label_model_76bd3d3b_uniq UNIQUE (app_label, model);


--
-- Name: django_content_type django_content_type_pkey; Type: CONSTRAINT; Schema: public; Owner: fashion_user
--

ALTER TABLE ONLY public.django_content_type
    ADD CONSTRAINT django_content_type_pkey PRIMARY KEY (id);


--
-- Name: django_migrations django_migrations_pkey; Type: CONSTRAINT; Schema: public; Owner: fashion_user
--

ALTER TABLE ONLY public.django_migrations
    ADD CONSTRAINT django_migrations_pkey PRIMARY KEY (id);


--
-- Name: django_session django_session_pkey; Type: CONSTRAINT; Schema: public; Owner: fashion_user
--

ALTER TABLE ONLY public.django_session
    ADD CONSTRAINT django_session_pkey PRIMARY KEY (session_key);


--
-- Name: rentalapp_cart rentalapp_cart_pkey; Type: CONSTRAINT; Schema: public; Owner: fashion_user
--

ALTER TABLE ONLY public.rentalapp_cart
    ADD CONSTRAINT rentalapp_cart_pkey PRIMARY KEY (id);


--
-- Name: rentalapp_cartitem rentalapp_cartitem_pkey; Type: CONSTRAINT; Schema: public; Owner: fashion_user
--

ALTER TABLE ONLY public.rentalapp_cartitem
    ADD CONSTRAINT rentalapp_cartitem_pkey PRIMARY KEY (id);


--
-- Name: rentalapp_category rentalapp_category_pkey; Type: CONSTRAINT; Schema: public; Owner: fashion_user
--

ALTER TABLE ONLY public.rentalapp_category
    ADD CONSTRAINT rentalapp_category_pkey PRIMARY KEY (id);


--
-- Name: rentalapp_checkout rentalapp_checkout_pkey; Type: CONSTRAINT; Schema: public; Owner: fashion_user
--

ALTER TABLE ONLY public.rentalapp_checkout
    ADD CONSTRAINT rentalapp_checkout_pkey PRIMARY KEY (id);


--
-- Name: rentalapp_order rentalapp_order_order_id_key; Type: CONSTRAINT; Schema: public; Owner: fashion_user
--

ALTER TABLE ONLY public.rentalapp_order
    ADD CONSTRAINT rentalapp_order_order_id_key UNIQUE (order_id);


--
-- Name: rentalapp_order_outfits rentalapp_order_outfits_order_id_outfit_id_6031ed2e_uniq; Type: CONSTRAINT; Schema: public; Owner: fashion_user
--

ALTER TABLE ONLY public.rentalapp_order_outfits
    ADD CONSTRAINT rentalapp_order_outfits_order_id_outfit_id_6031ed2e_uniq UNIQUE (order_id, outfit_id);


--
-- Name: rentalapp_order_outfits rentalapp_order_outfits_pkey; Type: CONSTRAINT; Schema: public; Owner: fashion_user
--

ALTER TABLE ONLY public.rentalapp_order_outfits
    ADD CONSTRAINT rentalapp_order_outfits_pkey PRIMARY KEY (id);


--
-- Name: rentalapp_order rentalapp_order_pkey; Type: CONSTRAINT; Schema: public; Owner: fashion_user
--

ALTER TABLE ONLY public.rentalapp_order
    ADD CONSTRAINT rentalapp_order_pkey PRIMARY KEY (id);


--
-- Name: rentalapp_outfit rentalapp_outfit_pkey; Type: CONSTRAINT; Schema: public; Owner: fashion_user
--

ALTER TABLE ONLY public.rentalapp_outfit
    ADD CONSTRAINT rentalapp_outfit_pkey PRIMARY KEY (id);


--
-- Name: rentalapp_product rentalapp_product_name_key; Type: CONSTRAINT; Schema: public; Owner: fashion_user
--

ALTER TABLE ONLY public.rentalapp_product
    ADD CONSTRAINT rentalapp_product_name_key UNIQUE (name);


--
-- Name: rentalapp_product rentalapp_product_pkey; Type: CONSTRAINT; Schema: public; Owner: fashion_user
--

ALTER TABLE ONLY public.rentalapp_product
    ADD CONSTRAINT rentalapp_product_pkey PRIMARY KEY (id);


--
-- Name: rentalapp_product rentalapp_product_sku_key; Type: CONSTRAINT; Schema: public; Owner: fashion_user
--

ALTER TABLE ONLY public.rentalapp_product
    ADD CONSTRAINT rentalapp_product_sku_key UNIQUE (sku);


--
-- Name: rentalapp_product rentalapp_product_slug_key; Type: CONSTRAINT; Schema: public; Owner: fashion_user
--

ALTER TABLE ONLY public.rentalapp_product
    ADD CONSTRAINT rentalapp_product_slug_key UNIQUE (slug);


--
-- Name: rentalapp_rental rentalapp_rental_pkey; Type: CONSTRAINT; Schema: public; Owner: fashion_user
--

ALTER TABLE ONLY public.rentalapp_rental
    ADD CONSTRAINT rentalapp_rental_pkey PRIMARY KEY (id);


--
-- Name: rentalapp_return rentalapp_return_pkey; Type: CONSTRAINT; Schema: public; Owner: fashion_user
--

ALTER TABLE ONLY public.rentalapp_return
    ADD CONSTRAINT rentalapp_return_pkey PRIMARY KEY (id);


--
-- Name: rentalapp_trend rentalapp_trend_pkey; Type: CONSTRAINT; Schema: public; Owner: fashion_user
--

ALTER TABLE ONLY public.rentalapp_trend
    ADD CONSTRAINT rentalapp_trend_pkey PRIMARY KEY (id);


--
-- Name: rentalapp_userprofile rentalapp_userprofile_pkey; Type: CONSTRAINT; Schema: public; Owner: fashion_user
--

ALTER TABLE ONLY public.rentalapp_userprofile
    ADD CONSTRAINT rentalapp_userprofile_pkey PRIMARY KEY (id);


--
-- Name: rentalapp_userprofile rentalapp_userprofile_user_id_key; Type: CONSTRAINT; Schema: public; Owner: fashion_user
--

ALTER TABLE ONLY public.rentalapp_userprofile
    ADD CONSTRAINT rentalapp_userprofile_user_id_key UNIQUE (user_id);


--
-- Name: auth_group_name_a6ea08ec_like; Type: INDEX; Schema: public; Owner: fashion_user
--

CREATE INDEX auth_group_name_a6ea08ec_like ON public.auth_group USING btree (name varchar_pattern_ops);


--
-- Name: auth_group_permissions_group_id_b120cbf9; Type: INDEX; Schema: public; Owner: fashion_user
--

CREATE INDEX auth_group_permissions_group_id_b120cbf9 ON public.auth_group_permissions USING btree (group_id);


--
-- Name: auth_group_permissions_permission_id_84c5c92e; Type: INDEX; Schema: public; Owner: fashion_user
--

CREATE INDEX auth_group_permissions_permission_id_84c5c92e ON public.auth_group_permissions USING btree (permission_id);


--
-- Name: auth_permission_content_type_id_2f476e4b; Type: INDEX; Schema: public; Owner: fashion_user
--

CREATE INDEX auth_permission_content_type_id_2f476e4b ON public.auth_permission USING btree (content_type_id);


--
-- Name: auth_user_groups_group_id_97559544; Type: INDEX; Schema: public; Owner: fashion_user
--

CREATE INDEX auth_user_groups_group_id_97559544 ON public.auth_user_groups USING btree (group_id);


--
-- Name: auth_user_groups_user_id_6a12ed8b; Type: INDEX; Schema: public; Owner: fashion_user
--

CREATE INDEX auth_user_groups_user_id_6a12ed8b ON public.auth_user_groups USING btree (user_id);


--
-- Name: auth_user_user_permissions_permission_id_1fbb5f2c; Type: INDEX; Schema: public; Owner: fashion_user
--

CREATE INDEX auth_user_user_permissions_permission_id_1fbb5f2c ON public.auth_user_user_permissions USING btree (permission_id);


--
-- Name: auth_user_user_permissions_user_id_a95ead1b; Type: INDEX; Schema: public; Owner: fashion_user
--

CREATE INDEX auth_user_user_permissions_user_id_a95ead1b ON public.auth_user_user_permissions USING btree (user_id);


--
-- Name: auth_user_username_6821ab7c_like; Type: INDEX; Schema: public; Owner: fashion_user
--

CREATE INDEX auth_user_username_6821ab7c_like ON public.auth_user USING btree (username varchar_pattern_ops);


--
-- Name: django_admin_log_content_type_id_c4bce8eb; Type: INDEX; Schema: public; Owner: fashion_user
--

CREATE INDEX django_admin_log_content_type_id_c4bce8eb ON public.django_admin_log USING btree (content_type_id);


--
-- Name: django_admin_log_user_id_c564eba6; Type: INDEX; Schema: public; Owner: fashion_user
--

CREATE INDEX django_admin_log_user_id_c564eba6 ON public.django_admin_log USING btree (user_id);


--
-- Name: django_session_expire_date_a5c62663; Type: INDEX; Schema: public; Owner: fashion_user
--

CREATE INDEX django_session_expire_date_a5c62663 ON public.django_session USING btree (expire_date);


--
-- Name: django_session_session_key_c0390e0f_like; Type: INDEX; Schema: public; Owner: fashion_user
--

CREATE INDEX django_session_session_key_c0390e0f_like ON public.django_session USING btree (session_key varchar_pattern_ops);


--
-- Name: rentalapp_order_outfits_order_id_cd2c4558; Type: INDEX; Schema: public; Owner: fashion_user
--

CREATE INDEX rentalapp_order_outfits_order_id_cd2c4558 ON public.rentalapp_order_outfits USING btree (order_id);


--
-- Name: rentalapp_order_outfits_outfit_id_76edf278; Type: INDEX; Schema: public; Owner: fashion_user
--

CREATE INDEX rentalapp_order_outfits_outfit_id_76edf278 ON public.rentalapp_order_outfits USING btree (outfit_id);


--
-- Name: rentalapp_order_user_id_49a01c33; Type: INDEX; Schema: public; Owner: fashion_user
--

CREATE INDEX rentalapp_order_user_id_49a01c33 ON public.rentalapp_order USING btree (user_id);


--
-- Name: rentalapp_outfit_category_id_9a56b5ae; Type: INDEX; Schema: public; Owner: fashion_user
--

CREATE INDEX rentalapp_outfit_category_id_9a56b5ae ON public.rentalapp_outfit USING btree (category_id);


--
-- Name: rentalapp_product_category_id_020ba580; Type: INDEX; Schema: public; Owner: fashion_user
--

CREATE INDEX rentalapp_product_category_id_020ba580 ON public.rentalapp_product USING btree (category_id);


--
-- Name: rentalapp_product_name_660d6f87_like; Type: INDEX; Schema: public; Owner: fashion_user
--

CREATE INDEX rentalapp_product_name_660d6f87_like ON public.rentalapp_product USING btree (name varchar_pattern_ops);


--
-- Name: rentalapp_product_sku_3fd461d9_like; Type: INDEX; Schema: public; Owner: fashion_user
--

CREATE INDEX rentalapp_product_sku_3fd461d9_like ON public.rentalapp_product USING btree (sku varchar_pattern_ops);


--
-- Name: rentalapp_product_slug_89e2a782_like; Type: INDEX; Schema: public; Owner: fashion_user
--

CREATE INDEX rentalapp_product_slug_89e2a782_like ON public.rentalapp_product USING btree (slug varchar_pattern_ops);


--
-- Name: rentalapp_return_order_id_b53c6282; Type: INDEX; Schema: public; Owner: fashion_user
--

CREATE INDEX rentalapp_return_order_id_b53c6282 ON public.rentalapp_return USING btree (order_id);


--
-- Name: auth_group_permissions auth_group_permissio_permission_id_84c5c92e_fk_auth_perm; Type: FK CONSTRAINT; Schema: public; Owner: fashion_user
--

ALTER TABLE ONLY public.auth_group_permissions
    ADD CONSTRAINT auth_group_permissio_permission_id_84c5c92e_fk_auth_perm FOREIGN KEY (permission_id) REFERENCES public.auth_permission(id) DEFERRABLE INITIALLY DEFERRED;


--
-- Name: auth_group_permissions auth_group_permissions_group_id_b120cbf9_fk_auth_group_id; Type: FK CONSTRAINT; Schema: public; Owner: fashion_user
--

ALTER TABLE ONLY public.auth_group_permissions
    ADD CONSTRAINT auth_group_permissions_group_id_b120cbf9_fk_auth_group_id FOREIGN KEY (group_id) REFERENCES public.auth_group(id) DEFERRABLE INITIALLY DEFERRED;


--
-- Name: auth_permission auth_permission_content_type_id_2f476e4b_fk_django_co; Type: FK CONSTRAINT; Schema: public; Owner: fashion_user
--

ALTER TABLE ONLY public.auth_permission
    ADD CONSTRAINT auth_permission_content_type_id_2f476e4b_fk_django_co FOREIGN KEY (content_type_id) REFERENCES public.django_content_type(id) DEFERRABLE INITIALLY DEFERRED;


--
-- Name: auth_user_groups auth_user_groups_group_id_97559544_fk_auth_group_id; Type: FK CONSTRAINT; Schema: public; Owner: fashion_user
--

ALTER TABLE ONLY public.auth_user_groups
    ADD CONSTRAINT auth_user_groups_group_id_97559544_fk_auth_group_id FOREIGN KEY (group_id) REFERENCES public.auth_group(id) DEFERRABLE INITIALLY DEFERRED;


--
-- Name: auth_user_groups auth_user_groups_user_id_6a12ed8b_fk_auth_user_id; Type: FK CONSTRAINT; Schema: public; Owner: fashion_user
--

ALTER TABLE ONLY public.auth_user_groups
    ADD CONSTRAINT auth_user_groups_user_id_6a12ed8b_fk_auth_user_id FOREIGN KEY (user_id) REFERENCES public.auth_user(id) DEFERRABLE INITIALLY DEFERRED;


--
-- Name: auth_user_user_permissions auth_user_user_permi_permission_id_1fbb5f2c_fk_auth_perm; Type: FK CONSTRAINT; Schema: public; Owner: fashion_user
--

ALTER TABLE ONLY public.auth_user_user_permissions
    ADD CONSTRAINT auth_user_user_permi_permission_id_1fbb5f2c_fk_auth_perm FOREIGN KEY (permission_id) REFERENCES public.auth_permission(id) DEFERRABLE INITIALLY DEFERRED;


--
-- Name: auth_user_user_permissions auth_user_user_permissions_user_id_a95ead1b_fk_auth_user_id; Type: FK CONSTRAINT; Schema: public; Owner: fashion_user
--

ALTER TABLE ONLY public.auth_user_user_permissions
    ADD CONSTRAINT auth_user_user_permissions_user_id_a95ead1b_fk_auth_user_id FOREIGN KEY (user_id) REFERENCES public.auth_user(id) DEFERRABLE INITIALLY DEFERRED;


--
-- Name: django_admin_log django_admin_log_content_type_id_c4bce8eb_fk_django_co; Type: FK CONSTRAINT; Schema: public; Owner: fashion_user
--

ALTER TABLE ONLY public.django_admin_log
    ADD CONSTRAINT django_admin_log_content_type_id_c4bce8eb_fk_django_co FOREIGN KEY (content_type_id) REFERENCES public.django_content_type(id) DEFERRABLE INITIALLY DEFERRED;


--
-- Name: django_admin_log django_admin_log_user_id_c564eba6_fk_auth_user_id; Type: FK CONSTRAINT; Schema: public; Owner: fashion_user
--

ALTER TABLE ONLY public.django_admin_log
    ADD CONSTRAINT django_admin_log_user_id_c564eba6_fk_auth_user_id FOREIGN KEY (user_id) REFERENCES public.auth_user(id) DEFERRABLE INITIALLY DEFERRED;


--
-- Name: rentalapp_cart rentalapp_cart_user_id_fkey; Type: FK CONSTRAINT; Schema: public; Owner: fashion_user
--

ALTER TABLE ONLY public.rentalapp_cart
    ADD CONSTRAINT rentalapp_cart_user_id_fkey FOREIGN KEY (user_id) REFERENCES public.auth_user(id) ON DELETE CASCADE;


--
-- Name: rentalapp_cartitem rentalapp_cartitem_cart_id_fkey; Type: FK CONSTRAINT; Schema: public; Owner: fashion_user
--

ALTER TABLE ONLY public.rentalapp_cartitem
    ADD CONSTRAINT rentalapp_cartitem_cart_id_fkey FOREIGN KEY (cart_id) REFERENCES public.rentalapp_cart(id) ON DELETE CASCADE;


--
-- Name: rentalapp_cartitem rentalapp_cartitem_product_id_fkey; Type: FK CONSTRAINT; Schema: public; Owner: fashion_user
--

ALTER TABLE ONLY public.rentalapp_cartitem
    ADD CONSTRAINT rentalapp_cartitem_product_id_fkey FOREIGN KEY (product_id) REFERENCES public.rentalapp_product(id) ON DELETE CASCADE;


--
-- Name: rentalapp_order_outfits rentalapp_order_outf_outfit_id_76edf278_fk_rentalapp; Type: FK CONSTRAINT; Schema: public; Owner: fashion_user
--

ALTER TABLE ONLY public.rentalapp_order_outfits
    ADD CONSTRAINT rentalapp_order_outf_outfit_id_76edf278_fk_rentalapp FOREIGN KEY (outfit_id) REFERENCES public.rentalapp_outfit(id) DEFERRABLE INITIALLY DEFERRED;


--
-- Name: rentalapp_order_outfits rentalapp_order_outfits_order_id_cd2c4558_fk_rentalapp_order_id; Type: FK CONSTRAINT; Schema: public; Owner: fashion_user
--

ALTER TABLE ONLY public.rentalapp_order_outfits
    ADD CONSTRAINT rentalapp_order_outfits_order_id_cd2c4558_fk_rentalapp_order_id FOREIGN KEY (order_id) REFERENCES public.rentalapp_order(id) DEFERRABLE INITIALLY DEFERRED;


--
-- Name: rentalapp_order rentalapp_order_user_id_49a01c33_fk_auth_user_id; Type: FK CONSTRAINT; Schema: public; Owner: fashion_user
--

ALTER TABLE ONLY public.rentalapp_order
    ADD CONSTRAINT rentalapp_order_user_id_49a01c33_fk_auth_user_id FOREIGN KEY (user_id) REFERENCES public.auth_user(id) DEFERRABLE INITIALLY DEFERRED;


--
-- Name: rentalapp_outfit rentalapp_outfit_category_id_9a56b5ae_fk_rentalapp_category_id; Type: FK CONSTRAINT; Schema: public; Owner: fashion_user
--

ALTER TABLE ONLY public.rentalapp_outfit
    ADD CONSTRAINT rentalapp_outfit_category_id_9a56b5ae_fk_rentalapp_category_id FOREIGN KEY (category_id) REFERENCES public.rentalapp_category(id) DEFERRABLE INITIALLY DEFERRED;


--
-- Name: rentalapp_product rentalapp_product_category_id_020ba580_fk_rentalapp_category_id; Type: FK CONSTRAINT; Schema: public; Owner: fashion_user
--

ALTER TABLE ONLY public.rentalapp_product
    ADD CONSTRAINT rentalapp_product_category_id_020ba580_fk_rentalapp_category_id FOREIGN KEY (category_id) REFERENCES public.rentalapp_category(id) DEFERRABLE INITIALLY DEFERRED;


--
-- Name: rentalapp_rental rentalapp_rental_product_id_fkey; Type: FK CONSTRAINT; Schema: public; Owner: fashion_user
--

ALTER TABLE ONLY public.rentalapp_rental
    ADD CONSTRAINT rentalapp_rental_product_id_fkey FOREIGN KEY (product_id) REFERENCES public.rentalapp_product(id);


--
-- Name: rentalapp_rental rentalapp_rental_user_id_fkey; Type: FK CONSTRAINT; Schema: public; Owner: fashion_user
--

ALTER TABLE ONLY public.rentalapp_rental
    ADD CONSTRAINT rentalapp_rental_user_id_fkey FOREIGN KEY (user_id) REFERENCES public.auth_user(id);


--
-- Name: rentalapp_return rentalapp_return_order_id_b53c6282_fk_rentalapp_order_id; Type: FK CONSTRAINT; Schema: public; Owner: fashion_user
--

ALTER TABLE ONLY public.rentalapp_return
    ADD CONSTRAINT rentalapp_return_order_id_b53c6282_fk_rentalapp_order_id FOREIGN KEY (order_id) REFERENCES public.rentalapp_order(id) DEFERRABLE INITIALLY DEFERRED;


--
-- Name: rentalapp_userprofile rentalapp_userprofile_user_id_fkey; Type: FK CONSTRAINT; Schema: public; Owner: fashion_user
--

ALTER TABLE ONLY public.rentalapp_userprofile
    ADD CONSTRAINT rentalapp_userprofile_user_id_fkey FOREIGN KEY (user_id) REFERENCES public.auth_user(id) ON DELETE CASCADE;


--
-- PostgreSQL database dump complete
--

